symbol,ad_ratio,ad_grade,ad_accum_w,ad_dist_w,ad_active_days
NSE:JBMA-EQ,62.7890,A,221911230.00,3534240.00,24
NSE:MMTC-EQ,55.1296,A,745384295.00,13520578.00,21
NSE:ITI-EQ,29.6652,A,211845575.00,7141209.00,31
NSE:FACT-EQ,24.4324,A,75409658.50,3086457.50,28
NSE:ATGL-EQ,21.1000,A,217090480.00,10288646.50,28
NSE:MRPL-EQ,19.4190,A,996217795.00,51301208.00,29
NSE:JINDALSAW-EQ,17.0134,A,568609069.00,33421180.00,30
NSE:HONASA-EQ,14.5487,A,84172113.00,5785552.00,31
NSE:VTL-EQ,13.7679,A,42346054.50,3075706.00,28
NSE:IFCI-EQ,12.9962,A,1965428910.50,151230826.00,25
NSE:ALKYLAMINE-EQ,12.9032,A,9548803.00,740036.50,27
NSE:GMDCLTD-EQ,12.7120,A,232218086.50,18267593.00,27
NSE:DOMS-EQ,11.6476,A,11758053.50,1009486.50,31
NSE:HAPPSTMNDS-EQ,11.2132,A,187580136.50,16728571.00,28
NSE:PRAJIND-EQ,11.0732,A,206158749.50,18617733.50,30
NSE:TEJASNET-EQ,10.9397,A,672382708.50,61462814.00,27
NSE:CONCORDBIO-EQ,10.0617,A,25538306.00,2538166.00,28
NSE:GRAPHITE-EQ,9.4059,A,92922937.50,9879236.00,25
NSE:PCBL-EQ,8.8748,A,275463402.50,31038975.50,26
NSE:CREDITACC-EQ,8.7322,A,39002415.00,4466519.00,29
NSE:LINDEINDIA-EQ,8.5424,A,3674225.00,430117.00,31
NSE:KSB-EQ,8.3265,A,29993424.50,3602181.00,30
NSE:HINDCOPPER-EQ,8.1989,A,1400108133.50,170767774.50,28
NSE:TRIVENI-EQ,8.0945,A,34320976.50,4240046.50,24
NSE:ACMESOLAR-EQ,7.3240,A,70895063.00,9679851.00,29
NSE:KIRLOSBROS-EQ,6.8838,A,8729841.50,1268167.50,27
NSE:TATAINVEST-EQ,6.8726,A,50290723.00,7317579.00,29
NSE:BLS-EQ,6.6120,A,234633159.00,35486201.50,27
NSE:ASAHIINDIA-EQ,6.5840,A,20826555.50,3163226.00,31
NSE:NTPCGREEN-EQ,6.4989,A,674754850.50,103826734.50,29
NSE:ABSLAMC-EQ,6.1669,A,24142874.50,3914914.00,27
NSE:EIHOTEL-EQ,6.1521,A,48450683.00,7875455.50,29
NSE:JWL-EQ,5.9424,A,254313933.50,42796362.50,25
NSE:TRIDENT-EQ,5.8067,A,678616289.00,116867908.00,24
NSE:AARTIIND-EQ,5.4741,A,47331979.00,8646575.50,30
NSE:SJVN-EQ,5.4282,A,493832317.00,90975242.50,30
NSE:ENGINERSIN-EQ,5.3049,A,262446860.00,49472210.00,30
NSE:JPPOWER-EQ,5.2785,A,2404028848.00,455437567.00,30
NSE:KIRLOSENG-EQ,5.1322,A,18750581.00,3653513.00,32
NSE:OLECTRA-EQ,5.0195,A,49217166.00,9805141.00,30
NSE:EMCURE-EQ,4.9654,A,10364024.50,2087265.00,26
NSE:GODREJAGRO-EQ,4.7878,A,15872511.50,3315210.50,29
NSE:DEVYANI-EQ,4.7642,A,281223825.00,59028199.00,28
NSE:PFIZER-EQ,4.6061,A,1801150.50,391033.50,35
NSE:HEG-EQ,4.5440,A,170175356.50,37450401.50,28
NSE:FIRSTCRY-EQ,4.5205,A,253413232.00,56059201.50,31
NSE:KPRMILL-EQ,4.4475,A,29678795.50,6673151.00,25
NSE:SCI-EQ,4.3904,A,258296878.50,58832051.50,30
NSE:NEWGEN-EQ,4.3611,A,202040926.50,46327713.00,31
NSE:BALRAMCHIN-EQ,4.3590,A,29192331.00,6696984.50,32
NSE:CHENNPETRO-EQ,4.3425,A,94131059.50,21676629.00,30
NSE:RCF-EQ,4.3339,A,152954340.50,35292396.50,29
NSE:REDINGTON-EQ,4.3090,A,287204281.50,66652803.00,30
NSE:ONGC-EQ,4.2546,A,767133794.00,180307500.00,26
NSE:NIVABUPA-EQ,4.1631,A,79027517.00,18982919.00,29
NSE:AKUMS-EQ,4.1441,A,6889877.50,1662559.00,27
NSE:KARURVYSYA-EQ,4.0946,A,199506378.00,48723936.00,28
NSE:J&KBANK-EQ,4.0035,A,224066182.50,55966908.50,28
NSE:SYRMA-EQ,3.8404,A,47402708.00,12343031.50,26
NSE:GESHIP-EQ,3.7681,A,24014655.00,6373156.50,30
NSE:AWL-EQ,3.7019,A,131575016.00,35542975.00,25
NSE:NETWEB-EQ,3.6940,A,76372268.50,20674752.50,26
NSE:IRCON-EQ,3.6249,A,263000162.50,72553485.50,32
NSE:JSWCEMENT-EQ,3.5727,A,126547619.00,35421104.50,27
NSE:FINCABLES-EQ,3.5590,A,18840570.50,5293852.50,28
NSE:IGIL-EQ,3.4782,A,32981591.00,9482364.00,25
NSE:SAREGAMA-EQ,3.4479,A,21939894.00,6363275.00,32
NSE:FORCEMOT-EQ,3.4070,A,4967350.50,1457987.00,35
NSE:NATCOPHARM-EQ,3.4061,A,64799933.00,19024795.00,30
NSE:BLUEDART-EQ,3.3905,A,1419327.50,418613.50,30
NSE:DBREALTY-EQ,3.3451,A,106838027.00,31938704.50,33
NSE:COALINDIA-EQ,3.2808,A,456001613.50,138993049.00,30
NSE:JBCHEPHARM-EQ,3.2752,A,11962594.50,3652514.50,27
NSE:SCHAEFFLER-EQ,3.2696,A,4286457.50,1310992.00,32
NSE:GPIL-EQ,3.2498,A,88187236.50,27136418.50,30
NSE:IPCALAB-EQ,3.2396,A,8176961.50,2524028.50,29
NSE:APARINDS-EQ,3.2296,A,5042239.00,1561260.00,29
NSE:ASTRAL-EQ,3.2128,A,23465370.00,7303713.50,29
NSE:OIL-EQ,3.1645,A,238952533.00,75511294.00,27
NSE:INDIANB-EQ,3.1077,A,79002180.50,25421241.50,30
NSE:ELGIEQUIP-EQ,3.0962,A,25872947.50,8356376.50,28
NSE:SAILIFE-EQ,3.0814,A,24001441.00,7789208.00,27
NSE:USHAMART-EQ,2.9782,A,21169692.00,7108249.00,28
NSE:ABB-EQ,2.8771,A,15592167.00,5419333.00,28
NSE:HFCL-EQ,2.8435,A,1136603667.50,399718452.00,29
NSE:SAIL-EQ,2.8304,A,981213503.50,346668753.00,30
NSE:SARDAEN-EQ,2.7967,A,21632115.00,7734734.00,30
NSE:ANANTRAJ-EQ,2.7830,A,111858881.00,40193006.00,30
NSE:AJANTPHARM-EQ,2.7555,A,5694423.00,2066532.50,29
NSE:NIACL-EQ,2.7411,A,18021951.00,6574706.50,24
NSE:WELSPUNLIV-EQ,2.7328,A,118825965.00,43480874.00,31
NSE:SAMMAANCAP-EQ,2.6812,A,551958437.50,205861207.50,33
NSE:BHARATFORG-EQ,2.6674,A,52890130.50,19828153.50,29
NSE:RAILTEL-EQ,2.6301,A,74058143.50,28157702.00,30
NSE:LATENTVIEW-EQ,2.6284,A,35020690.50,13323831.00,31
NSE:BRIGADE-EQ,2.6245,A,38864329.50,14808465.50,32
NSE:THERMAX-EQ,2.6219,A,5864847.00,2236889.50,30
NSE:JYOTICNC-EQ,2.6086,A,27184700.00,10420997.00,28
NSE:SUNTV-EQ,2.6015,A,18730225.50,7199724.00,29
NSE:GLAND-EQ,2.5936,A,7482774.50,2885099.50,32
NSE:MAHABANK-EQ,2.5650,A,836915724.50,326282307.00,31
NSE:DATAPATTNS-EQ,2.5488,A,32798276.50,12867913.50,28
NSE:BANKINDIA-EQ,2.5409,A,456015937.00,179470248.00,34
NSE:INDUSTOWER-EQ,2.4985,A,246484034.00,98651607.50,31
NSE:CASTROLIND-EQ,2.4846,A,115605772.00,46528103.50,26
NSE:TARIL-EQ,2.4526,A,309857380.50,126340749.50,29
NSE:CRAFTSMAN-EQ,2.4336,A,2109541.00,866850.50,31
NSE:CCL-EQ,2.4069,A,12074192.50,5016573.00,29
NSE:CHOICEIN-EQ,2.3889,A,23221067.00,9720365.50,31
NSE:AIIL-EQ,2.3885,A,31013038.50,12984338.00,28
NSE:TATASTEEL-EQ,2.3840,A,1327127987.00,556687566.50,33
NSE:NATIONALUM-EQ,2.3557,A,671585091.00,285095074.00,33
NSE:NAVA-EQ,2.3491,A,12090254.50,5146850.00,28
NSE:DEEPAKFERT-EQ,2.2783,A,21178657.00,9295692.50,29
NSE:GODFRYPHLP-EQ,2.2411,A,53809377.50,24009829.50,29
NSE:TTML-EQ,2.2145,A,116841442.00,52761506.50,27
NSE:CAMPUS-EQ,2.2072,A,14521628.50,6579189.00,27
NSE:IOC-EQ,2.1980,A,620710030.50,282396641.50,32
NSE:IOB-EQ,2.1903,A,240004410.00,109576257.50,24
NSE:RITES-EQ,2.1882,A,36891552.00,16859665.00,30
NSE:WHIRLPOOL-EQ,2.1591,A,12826452.50,5940770.00,30
NSE:INDIACEM-EQ,2.1469,A,13543871.00,6308490.50,28
NSE:MAZDOCK-EQ,2.1292,A,61911077.50,29076676.50,26
NSE:NYKAA-EQ,2.1268,A,243806860.50,114634367.00,32
NSE:GRSE-EQ,2.1248,A,43632406.50,20534848.00,31
NSE:PPLPHARMA-EQ,2.1150,A,95277443.00,45048359.00,27
NSE:NLCINDIA-EQ,2.1117,A,81589766.00,38636334.00,32
NSE:POONAWALLA-EQ,2.1058,A,58944899.00,27991180.50,31
NSE:RRKABEL-EQ,2.1051,A,8090543.00,3843306.00,32
NSE:STARHEALTH-EQ,2.0687,A,18183906.50,8789852.00,24
NSE:AIAENG-EQ,2.0633,A,3092214.50,1498640.50,30
NSE:LTTS-EQ,2.0320,A,6564940.00,3230819.50,25
NSE:BIKAJI-EQ,2.0126,A,6124550.50,3043142.00,32
NSE:RHIM-EQ,2.0037,A,9117299.50,4550261.00,25
NSE:JSL-EQ,1.9983,A,26714993.50,13368645.50,28
NSE:GRANULES-EQ,1.9884,A,26686891.00,13421507.00,25
NSE:DELHIVERY-EQ,1.9602,A,76695765.50,39126931.00,32
NSE:3MINDIA-EQ,1.9562,A,125382.00,64093.50,27
NSE:INOXINDIA-EQ,1.9560,A,2315092.50,1183608.50,26
NSE:TATAPOWER-EQ,1.9364,A,196129116.50,101287836.00,32
NSE:HINDALCO-EQ,1.9323,A,255855733.50,132408911.00,33
NSE:VENTIVE-EQ,1.9117,A,4131882.00,2161328.00,30
NSE:FEDERALBNK-EQ,1.8767,A,308660491.50,164467023.00,27
NSE:ENRIN-EQ,1.8537,A,13224661.00,7134378.00,32
NSE:GMRAIRPORT-EQ,1.8429,A,527435469.50,286197968.50,29
NSE:MINDACORP-EQ,1.8420,A,10139321.00,5504416.50,35
NSE:ADANIPOWER-EQ,1.8391,A,696956195.00,378966177.50,24
NSE:ATUL-EQ,1.8166,A,922574.00,507860.50,31
NSE:INDUSINDBK-EQ,1.8093,A,154234285.50,85242971.00,30
NSE:NTPC-EQ,1.8008,A,363482592.00,201846675.00,26
NSE:JSWINFRA-EQ,1.7970,A,51331025.00,28565441.00,30
NSE:KALYANKJIL-EQ,1.7892,A,194473758.00,108691214.00,26
NSE:OLAELEC-EQ,1.7735,A,2478581863.00,1397546461.50,31
NSE:GICRE-EQ,1.7730,A,15135974.50,8536775.00,34
NSE:PATANJALI-EQ,1.7602,A,71427063.50,40579682.50,27
NSE:BALKRISIND-EQ,1.7597,A,7650415.00,4347644.00,31
NSE:DMART-EQ,1.7503,A,17592550.00,10050980.50,29
NSE:NMDC-EQ,1.7488,A,850504138.00,486327720.00,28
NSE:WELCORP-EQ,1.7437,A,17267419.50,9902744.50,28
NSE:SONACOMS-EQ,1.7320,A,74381121.50,42945020.50,30
NSE:ESCORTS-EQ,1.7145,A,4499365.00,2624361.50,31
NSE:SUPREMEIND-EQ,1.7144,A,7950270.50,4637228.00,28
NSE:RKFORGE-EQ,1.6964,A,14365637.00,8468154.00,30
NSE:UNIONBANK-EQ,1.6893,A,635333943.50,376093452.00,32
NSE:MEDANTA-EQ,1.6833,A,5517887.50,3277948.00,31
NSE:BANDHANBNK-EQ,1.6764,A,385294780.50,229832874.50,32
NSE:RBLBANK-EQ,1.6713,A,201997552.50,120859326.00,35
NSE:WOCKPHARMA-EQ,1.6628,A,22543166.50,13557158.50,35
NSE:BBTC-EQ,1.6434,A,1614162.00,982197.00,31
NSE:ATHERENERG-EQ,1.6415,A,60730461.00,36997140.50,29
NSE:BLUESTARCO-EQ,1.6368,A,16790942.50,10258650.00,32
NSE:HINDZINC-EQ,1.6229,A,365110241.00,224980392.00,28
NSE:JINDALSTEL-EQ,1.6191,A,45204470.00,27919998.50,26
NSE:AMBER-EQ,1.6128,A,11551204.50,7162340.50,31
NSE:ZENTEC-EQ,1.6124,A,19352177.00,12002344.00,33
NSE:TIMKEN-EQ,1.6100,A,1426397.00,885974.50,24
NSE:BATAINDIA-EQ,1.6081,A,6283930.50,3907786.00,31
NSE:POLYMED-EQ,1.6070,A,9775512.50,6082969.00,33
NSE:FINPIPE-EQ,1.6010,A,25059880.50,15652739.00,30
NSE:TATACONSUM-EQ,1.6005,A,38015186.00,23751701.00,28
NSE:VEDL-EQ,1.5874,A,489434204.00,308333840.50,30
NSE:JKCEMENT-EQ,1.5856,A,2460360.50,1551646.00,24
NSE:AFFLE-EQ,1.5839,A,10107655.50,6381469.00,31
NSE:NSLNISP-EQ,1.5546,A,174572732.00,112296084.00,33
NSE:MSUMI-EQ,1.5538,A,248059698.00,159642475.50,30
NSE:DEEPAKNTR-EQ,1.5441,A,6042090.00,3913104.50,33
NSE:GLENMARK-EQ,1.5400,A,18126429.50,11770189.00,32
NSE:ENDURANCE-EQ,1.5389,A,2344878.50,1523749.00,28
NSE:TORNTPHARM-EQ,1.5371,A,11600812.50,7547107.00,32
NSE:PFC-EQ,1.5165,A,255516439.00,168486459.00,29
NSE:LLOYDSME-EQ,1.5162,A,23880179.50,15750292.50,33
NSE:CARBORUNIV-EQ,1.5046,A,6006134.50,3991948.50,25
NSE:CERA-EQ,1.5036,A,648988.50,431612.50,33
NSE:SBIN-EQ,1.5004,A,431793510.00,287781402.50,29
NSE:SOLARINDS-EQ,1.4981,B,6010051.00,4011736.50,30
NSE:TRITURBINE-EQ,1.4967,B,14051139.00,9388183.50,29
NSE:ZEEL-EQ,1.4923,B,241623784.00,161912625.50,25
NSE:AUROPHARMA-EQ,1.4838,B,54832489.00,36953794.50,31
NSE:APLAPOLLO-EQ,1.4742,B,24342919.50,16512388.00,29
NSE:HEROMOTOCO-EQ,1.4689,B,14366863.50,9780896.50,30
NSE:NUVOCO-EQ,1.4629,B,9419261.50,6438658.00,27
NSE:GVT&D-EQ,1.4569,B,20297946.50,13932622.00,29
NSE:TECHNOE-EQ,1.4563,B,7196247.00,4941528.50,28
NSE:INDIAMART-EQ,1.4546,B,4776656.50,3283834.00,23
NSE:DRREDDY-EQ,1.4519,B,44661433.00,30761562.50,28
NSE:JMFINANCIL-EQ,1.4514,B,104812847.50,72214264.00,32
NSE:ELECON-EQ,1.4468,B,35215893.00,24339723.50,27
NSE:CANFINHOME-EQ,1.4391,B,6135565.00,4263523.50,30
NSE:AEGISVOPAK-EQ,1.4315,B,42374976.50,29602529.00,31
NSE:LICI-EQ,1.4253,B,40198797.50,28203650.50,28
NSE:LUPIN-EQ,1.4180,B,25383026.00,17901063.00,32
NSE:CEATLTD-EQ,1.4047,B,3990944.50,2841117.00,29
NSE:CUB-EQ,1.3859,B,67901726.00,48993441.00,29
NSE:JSWSTEEL-EQ,1.3850,B,57650756.50,41625293.00,37
NSE:UBL-EQ,1.3762,B,5217168.00,3791112.50,26
NSE:POWERINDIA-EQ,1.3729,B,4601668.00,3351902.00,26
NSE:HSCL-EQ,1.3713,B,44385710.00,32367554.00,28
NSE:CGCL-EQ,1.3626,B,40928123.00,30035909.50,28
NSE:ALOKINDS-EQ,1.3519,B,182430405.50,134940279.50,28
NSE:CESC-EQ,1.3425,B,60320510.50,44930470.50,27
NSE:BAYERCROP-EQ,1.3388,B,750176.50,560328.00,30
NSE:SUNDARMFIN-EQ,1.3370,B,2709938.50,2026811.00,29
NSE:PETRONET-EQ,1.3369,B,138526341.50,103615411.00,31
NSE:AXISBANK-EQ,1.3366,B,205688869.50,153894578.00,32
NSE:AADHARHFC-EQ,1.3337,B,13088187.50,9813437.00,32
NSE:RADICO-EQ,1.3310,B,12891491.00,9685250.50,29
NSE:HOMEFIRST-EQ,1.3292,B,21610769.00,16258931.50,25
NSE:NESTLEIND-EQ,1.3283,B,31765023.50,23913977.00,27
NSE:GILLETTE-EQ,1.3250,B,801165.00,604639.00,29
NSE:TORNTPOWER-EQ,1.3051,B,17303000.50,13258452.00,29
NSE:SWANCORP-EQ,1.2972,B,39638511.50,30556804.50,33
NSE:GODREJIND-EQ,1.2964,B,3162149.00,2439167.00,28
NSE:NCC-EQ,1.2907,B,110027973.50,85250042.50,32
NSE:UNOMINDA-EQ,1.2825,B,29423033.00,22942712.50,33
NSE:RAMCOCEM-EQ,1.2740,B,8886098.50,6975160.00,30
NSE:SUNPHARMA-EQ,1.2669,B,65939175.50,52046646.00,27
NSE:RPOWER-EQ,1.2605,B,1280077098.50,1015567188.50,28
NSE:M&MFIN-EQ,1.2586,B,57153647.00,45412255.50,32
NSE:BLUEJET-EQ,1.2575,B,23488547.50,18678942.00,35
NSE:VOLTAS-EQ,1.2547,B,25461337.50,20292185.00,28
NSE:THELEELA-EQ,1.2531,B,11987863.00,9566689.00,27
NSE:CANBK-EQ,1.2511,B,732464768.00,585434729.00,30
NSE:TIINDIA-EQ,1.2483,B,20217999.00,16196798.00,36
NSE:RVNL-EQ,1.2437,B,272973616.50,219484919.00,26
NSE:KAJARIACER-EQ,1.2389,B,9772823.00,7888253.50,33
NSE:JUBLINGREA-EQ,1.2378,B,6647721.00,5370543.00,28
NSE:POWERGRID-EQ,1.2366,B,440872666.00,356530872.50,28
NSE:JKTYRE-EQ,1.2271,B,43286457.50,35274171.00,29
NSE:BIOCON-EQ,1.2255,B,86443273.50,70535817.50,31
NSE:CHAMBLFERT-EQ,1.2206,B,23979936.00,19645498.00,31
NSE:BDL-EQ,1.2174,B,50163309.50,41203703.00,30
NSE:BANKBARODA-EQ,1.2157,B,247623887.50,203687916.50,28
NSE:BSE-EQ,1.2137,B,115954720.50,95537206.50,28
NSE:COCHINSHIP-EQ,1.1759,B,26431324.00,22478349.00,27
NSE:KAYNES-EQ,1.1700,B,39807499.00,34024393.00,35
NSE:MAPMYINDIA-EQ,1.1697,B,5646892.00,4827586.50,31
NSE:WAAREEENER-EQ,1.1649,B,62601276.00,53740772.00,28
NSE:CENTRALBK-EQ,1.1554,B,223239669.00,193220393.50,29
NSE:SONATSOFTW-EQ,1.1531,B,25878561.50,22441923.00,32
NSE:MANKIND-EQ,1.1490,B,14809068.50,12888211.00,34
NSE:SUMICHEM-EQ,1.1481,B,8584819.50,7477715.50,30
NSE:CGPOWER-EQ,1.1452,B,127587714.50,111408550.00,33
NSE:DALBHARAT-EQ,1.1369,B,7797611.50,6858450.50,27
NSE:BSOFT-EQ,1.1319,B,46662291.50,41224035.50,27
NSE:SAGILITY-EQ,1.1309,B,889947532.00,786916249.50,30
NSE:OFSS-EQ,1.1306,B,5232519.00,4628204.50,32
NSE:GRAVITA-EQ,1.1153,B,6179356.00,5540373.50,31
NSE:CROMPTON-EQ,1.1138,B,78675670.00,70638129.00,31
NSE:PREMIERENE-EQ,1.1063,B,80673376.50,72921499.00,33
NSE:TATATECH-EQ,1.1015,B,35766584.50,32471169.50,31
NSE:ANGELONE-EQ,1.0961,C,269398767.00,245782278.50,28
NSE:SIEMENS-EQ,1.0701,C,9272376.50,8664569.00,27
NSE:LEMONTREE-EQ,1.0699,C,114969601.00,107460403.00,31
NSE:IREDA-EQ,1.0695,C,292052646.50,273064896.00,31
NSE:GLAXO-EQ,1.0686,C,1966139.00,1839998.50,29
NSE:GODIGIT-EQ,1.0679,C,10854562.50,10164746.00,28
NSE:EXIDEIND-EQ,1.0678,C,42806293.00,40087839.50,32
NSE:COLPAL-EQ,1.0648,C,10463805.00,9826636.50,32
NSE:HDFCAMC-EQ,1.0648,C,31770698.00,29838484.00,32
NSE:FLUOROCHEM-EQ,1.0588,C,2290975.00,2163730.50,28
NSE:NHPC-EQ,1.0546,C,394453165.50,374045727.00,29
NSE:KIMS-EQ,1.0417,C,11144341.50,10698239.50,28
NSE:TATAELXSI-EQ,1.0354,C,8974158.50,8667319.50,29
NSE:TITAGARH-EQ,1.0136,C,19761695.50,19496739.50,27
NSE:IDBI-EQ,1.0115,C,618857893.00,611836780.00,27
NSE:MRF-EQ,1.0089,C,235984.50,233905.00,33
NSE:MOTHERSON-EQ,1.0082,C,526688289.50,522406571.50,34
NSE:LODHA-EQ,0.9993,C,66585259.00,66630420.00,33
NSE:SIGNATURE-EQ,0.9993,C,17607549.50,17619477.00,29
NSE:ABREL-EQ,0.9944,C,6227959.50,6263287.00,31
NSE:KFINTECH-EQ,0.9897,C,22823136.50,23061268.00,34
NSE:SHYAMMETL-EQ,0.9859,C,5323169.00,5399042.00,32
NSE:DIXON-EQ,0.9805,C,15743096.00,16056744.00,27
NSE:COHANCE-EQ,0.9728,C,30429598.00,31279860.00,30
NSE:360ONE-EQ,0.9710,C,24813685.50,25555766.50,27
NSE:PNBHOUSING-EQ,0.9685,C,29476277.50,30433695.00,28
NSE:INDGN-EQ,0.9666,C,10038689.00,10385337.00,30
NSE:ITCHOTELS-EQ,0.9664,C,110422006.50,114260232.50,31
NSE:DABUR-EQ,0.9603,C,41151265.00,42854176.00,27
NSE:PGEL-EQ,0.9603,C,72597648.50,75597145.00,30
NSE:BHARTIARTL-EQ,0.9564,C,177089062.50,185167465.00,29
NSE:IGL-EQ,0.9548,C,62595233.00,65560106.00,29
NSE:MAHSCOOTER-EQ,0.9537,C,159366.50,167106.50,24
NSE:ULTRACEMCO-EQ,0.9533,C,8227553.50,8630678.00,33
NSE:JSWENERGY-EQ,0.9532,C,79820032.50,83742985.00,25
NSE:MARICO-EQ,0.9482,C,43190438.50,45550663.50,27
NSE:ADANIPORTS-EQ,0.9476,C,59405816.00,62692389.00,28
NSE:HCLTECH-EQ,0.9459,C,90453767.50,95627709.50,34
NSE:DCMSHRIRAM-EQ,0.9454,C,1284231.50,1358394.50,29
NSE:TITAN-EQ,0.9438,C,24783646.00,26260758.00,28
NSE:IRFC-EQ,0.9437,C,541141419.00,573416704.00,32
NSE:UCOBANK-EQ,0.9395,C,177353634.00,188780222.00,26
NSE:FORTIS-EQ,0.9311,C,37037514.50,39776475.50,27
NSE:AGARWALEYE-EQ,0.9307,C,5472390.00,5879739.50,32
NSE:ICICIBANK-EQ,0.9288,C,395148247.50,425425686.00,31
NSE:KEC-EQ,0.9217,C,14623295.00,15864842.50,25
NSE:TECHM-EQ,0.9191,C,58313827.00,63446346.50,28
NSE:KEI-EQ,0.9139,C,10174820.50,11132811.00,29
NSE:SHRIRAMFIN-EQ,0.9069,C,169820592.50,187252342.00,30
NSE:TVSMOTOR-EQ,0.9069,C,20382180.50,22474825.50,32
NSE:KPIL-EQ,0.9058,C,4225495.50,4664949.50,29
NSE:POLYCAB-EQ,0.9011,C,12326157.50,13678861.00,29
NSE:CRISIL-EQ,0.8985,D,1245972.50,1386729.00,29
NSE:MGL-EQ,0.8952,D,7987362.50,8922325.00,25
NSE:SOBHA-EQ,0.8950,D,4227427.50,4723292.50,30
NSE:UNITDSPR-EQ,0.8863,D,25930894.00,29256027.00,33
NSE:NAVINFLUOR-EQ,0.8853,D,5504105.50,6217452.50,33
NSE:JYOTHYLAB-EQ,0.8829,D,15951939.50,18066994.00,32
NSE:INTELLECT-EQ,0.8814,D,12197950.50,13838569.00,34
NSE:EMAMILTD-EQ,0.8801,D,18259957.00,20747785.00,32
NSE:BRITANNIA-EQ,0.8768,D,7941996.00,9057683.50,27
NSE:LTFOODS-EQ,0.8764,D,90185319.00,102907598.50,26
NSE:CUMMINSIND-EQ,0.8756,D,21204281.50,24217831.50,34
NSE:BHEL-EQ,0.8730,D,311995217.00,357379978.50,28
NSE:DIVISLAB-EQ,0.8685,D,8211843.00,9455091.00,26
NSE:APOLLOHOSP-EQ,0.8646,D,11428750.50,13218134.50,32
NSE:LAURUSLABS-EQ,0.8590,D,43655405.50,50820517.00,31
NSE:CHALET-EQ,0.8586,D,4342481.50,5057714.00,30
NSE:HINDUNILVR-EQ,0.8515,D,36522030.00,42889348.50,31
NSE:ICICIPRULI-EQ,0.8436,D,28867577.50,34219611.00,30
NSE:BOSCHLTD-EQ,0.8387,D,676393.50,806513.50,29
NSE:SHREECEM-EQ,0.8359,D,857128.50,1025381.50,31
NSE:GRASIM-EQ,0.8334,D,24104362.50,28923172.50,35
NSE:YESBANK-EQ,0.8291,D,2145060447.00,2587270984.00,31
NSE:MOTILALOFS-EQ,0.8206,D,24490625.50,29843577.00,31
NSE:BPCL-EQ,0.8200,D,199850466.00,243708544.00,26
NSE:NEULANDLAB-EQ,0.8158,D,901234.50,1104732.50,29
NSE:INDHOTEL-EQ,0.8114,D,58736900.50,72392213.00,30
NSE:BEML-EQ,0.8104,D,5987438.00,7388352.50,27
NSE:ANANDRATHI-EQ,0.8051,D,4940100.00,6136243.50,31
NSE:HUDCO-EQ,0.8024,D,98618171.50,122903520.50,26
NSE:RECLTD-EQ,0.8019,D,198835332.00,247947759.00,30
NSE:MCX-EQ,0.7982,D,99503715.00,124656104.00,32
NSE:APOLLOTYRE-EQ,0.7923,D,25578206.50,32281817.00,30
NSE:BEL-EQ,0.7901,D,441495054.50,558768651.50,29
NSE:JUBLPHARMA-EQ,0.7823,D,3979276.50,5086686.00,32
NSE:ADANIGREEN-EQ,0.7817,D,74688142.50,95541996.50,30
NSE:GAIL-EQ,0.7743,D,316071195.00,408227754.00,33
NSE:LICHSGFIN-EQ,0.7731,D,44733815.00,57864189.50,31
NSE:INFY-EQ,0.7668,D,254412603.50,331801235.00,27
NSE:UTIAMC-EQ,0.7649,D,2302321.00,3009922.00,33
NSE:INOXWIND-EQ,0.7618,D,257802771.50,338432741.00,29
NSE:ZENSARTECH-EQ,0.7612,D,12663925.50,16636619.00,32
NSE:CONCOR-EQ,0.7576,D,32536365.00,42947119.50,29
NSE:CAMS-EQ,0.7557,D,26949577.00,35661706.50,30
NSE:ACE-EQ,0.7550,D,5611242.50,7432031.00,33
NSE:SBILIFE-EQ,0.7535,D,23253906.50,30860886.00,30
NSE:MANAPPURAM-EQ,0.7437,D,141961725.50,190898529.00,31
NSE:SYNGENE-EQ,0.7385,D,32040194.00,43384951.00,26
NSE:AMBUJACEM-EQ,0.7367,D,57370065.50,77879125.00,29
NSE:CHOLAHLDNG-EQ,0.7264,D,4465218.50,6147002.50,29
NSE:ASTERDM-EQ,0.7161,D,17573985.00,24540419.00,26
NSE:ZYDUSLIFE-EQ,0.7161,D,14910431.00,20821137.00,34
NSE:ASHOKLEY-EQ,0.7135,D,381787756.50,535099794.50,29
NSE:METROPOLIS-EQ,0.7114,D,6485898.00,9116455.50,31
NSE:ABFRL-EQ,0.7105,D,197880747.00,278524826.50,33
NSE:WIPRO-EQ,0.7087,D,357069143.00,503859833.00,29
NSE:MARUTI-EQ,0.7085,D,10874973.50,15349022.00,33
NSE:ABBOTINDIA-EQ,0.7067,D,202558.50,286642.00,30
NSE:SAPPHIRE-EQ,0.7004,D,25504707.00,36415433.50,31
NSE:ADANIENSOL-EQ,0.6942,D,39166334.00,56420437.00,32
NSE:MFSL-EQ,0.6925,D,18287277.00,26408769.00,30
NSE:TATACHEM-EQ,0.6838,D,10092411.00,14759718.50,31
NSE:EICHERMOT-EQ,0.6820,D,11539369.00,16919130.00,30
NSE:MAXHEALTH-EQ,0.6784,D,57341798.50,84527789.50,26
NSE:CHOLAFIN-EQ,0.6773,D,42184283.00,62285152.50,33
NSE:AKZOINDIA-EQ,0.6759,D,981742.00,1452544.00,28
NSE:TBOTEK-EQ,0.6707,D,2335367.50,3481916.50,28
NSE:ALKEM-EQ,0.6679,D,2677293.50,4008238.00,28
NSE:BAJAJHLDNG-EQ,0.6660,D,1029130.00,1545242.50,28
NSE:CYIENT-EQ,0.6655,D,7517982.50,11295993.50,32
NSE:BAJAJFINSV-EQ,0.6590,D,30824936.50,46775198.00,32
NSE:PVRINOX-EQ,0.6567,D,7977327.00,12147789.00,31
NSE:CLEAN-EQ,0.6541,D,5983490.00,9147378.00,27
NSE:IKS-EQ,0.6539,D,5411802.50,8276297.00,31
NSE:APTUS-EQ,0.6528,D,31882191.50,48837938.00,29
NSE:HEXT-EQ,0.6509,D,23926522.00,36756519.00,27
NSE:GODREJCP-EQ,0.6448,D,30924957.50,47963497.00,34
NSE:UPL-EQ,0.6441,D,67729047.50,105159356.50,27
NSE:BAJAJHFL-EQ,0.6422,D,122042682.00,190034525.00,28
NSE:JIOFIN-EQ,0.6385,D,295475682.50,462789896.00,32
NSE:ERIS-EQ,0.6340,D,1424790.00,2247296.50,31
NSE:PNB-EQ,0.6277,D,314993806.00,501799699.50,25
NSE:HAVELLS-EQ,0.6256,D,21198732.50,33883306.50,33
NSE:FIVESTAR-EQ,0.6227,D,32186808.00,51687182.50,30
NSE:FSL-EQ,0.6219,D,29566653.50,47545189.50,33
NSE:TMPV-EQ,0.6160,D,197519029.00,320665673.50,29
NSE:PHOENIXLTD-EQ,0.6139,D,9599824.50,15638688.50,29
NSE:MUTHOOTFIN-EQ,0.6107,D,21638107.00,35432878.00,32
NSE:AEGISLOG-EQ,0.6103,D,19043164.50,31203119.00,30
NSE:IEX-EQ,0.6058,D,330602701.00,545729601.00,26
NSE:POLICYBZR-EQ,0.5982,D,41265522.00,68987260.50,28
NSE:MAHSEAMLES-EQ,0.5969,D,3776851.00,6327642.50,32
NSE:ABCAPITAL-EQ,0.5891,D,147557452.00,250481434.00,29
NSE:IDEA-EQ,0.5881,D,10597923556.00,18019537549.50,28
NSE:LALPATHLAB-EQ,0.5818,D,5308628.50,9125172.00,28
NSE:PTCIL-EQ,0.5761,D,323808.00,562108.50,34
NSE:AFCONS-EQ,0.5726,D,10514150.00,18361868.00,31
NSE:BAJFINANCE-EQ,0.5687,D,178239649.50,313396974.00,32
NSE:ECLERX-EQ,0.5593,D,4938670.00,8829322.50,35
NSE:NBCC-EQ,0.5576,D,213541764.50,382967951.50,33
NSE:HAL-EQ,0.5523,D,31713080.50,57415159.00,31
NSE:MPHASIS-EQ,0.5502,D,12369000.50,22482860.50,32
NSE:HBLENGINE-EQ,0.5501,D,36261500.50,65922184.00,31
NSE:SWIGGY-EQ,0.5496,D,201688663.50,366999898.50,31
NSE:BASF-EQ,0.5467,D,427808.50,782489.00,26
NSE:ITC-EQ,0.5439,D,523402676.00,962382454.50,29
NSE:IDFCFIRSTB-EQ,0.5329,D,861096745.00,1615995148.00,31
NSE:TRENT-EQ,0.5268,D,19203214.00,36449377.00,32
NSE:BHARTIHEXA-EQ,0.5222,D,3344342.00,6403900.00,29
NSE:KOTAKBANK-EQ,0.5197,D,321331511.50,618341850.50,32
NSE:PIDILITIND-EQ,0.5187,D,11803711.50,22755783.50,28
NSE:VIJAYA-EQ,0.5186,D,1691165.00,3261181.50,30
NSE:AUBANK-EQ,0.5172,D,56128257.50,108517358.00,31
NSE:JUBLFOOD-EQ,0.5155,D,44206632.00,85746986.00,29
NSE:GUJGASLTD-EQ,0.5102,D,31293412.50,61333594.50,26
NSE:NUVAMA-EQ,0.5099,D,8369731.00,16413926.00,28
NSE:APLLTD-EQ,0.5058,D,1423396.50,2814291.50,34
NSE:LT-EQ,0.5024,D,50854842.00,101223633.00,32
NSE:COROMANDEL-EQ,0.5004,D,5561142.50,11113292.00,29
NSE:SBICARD-EQ,0.4938,E,23929429.00,48462183.00,26
NSE:LTM-EQ,0.4920,E,6099895.00,12398551.50,32
NSE:HONAUT-EQ,0.4889,E,93057.00,190324.50,30
NSE:PAGEIND-EQ,0.4876,E,427113.50,875900.00,30
NSE:ONESOURCE-EQ,0.4865,E,6711777.00,13796425.50,32
NSE:PIIND-EQ,0.4848,E,4188190.50,8638163.00,28
NSE:ICICIGI-EQ,0.4762,E,12225404.00,25670651.50,26
NSE:RELIANCE-EQ,0.4755,E,240755287.00,506287518.50,31
NSE:IIFL-EQ,0.4753,E,33174543.50,69800366.00,28
NSE:NH-EQ,0.4669,E,5224045.50,11189176.50,34
NSE:ASIANPAINT-EQ,0.4649,E,19134144.00,41154597.50,32
NSE:TATACOMM-EQ,0.4526,E,5929662.50,13100463.50,31
NSE:GODREJPROP-EQ,0.4466,E,24457775.00,54761088.50,31
NSE:ETERNAL-EQ,0.4420,E,800857878.50,1811873222.50,31
NSE:HDFCLIFE-EQ,0.4397,E,54650377.50,124280636.50,31
NSE:LTF-EQ,0.4392,E,132520587.50,301732018.50,28
NSE:M&M-EQ,0.4359,E,38678545.00,88725870.50,26
NSE:ZFCVINDIA-EQ,0.4312,E,406659.50,943186.50,28
NSE:PERSISTENT-EQ,0.4296,E,12411958.00,28890249.50,29
NSE:MANYAVAR-EQ,0.4254,E,5125995.00,12050331.50,31
NSE:HYUNDAI-EQ,0.4241,E,7852847.50,18514856.00,26
NSE:VBL-EQ,0.4239,E,81220456.00,191587135.50,28
NSE:ACC-EQ,0.4218,E,2926379.00,6937217.00,34
NSE:CIPLA-EQ,0.4126,E,26376301.00,63923191.50,32
NSE:OBEROIRLTY-EQ,0.4090,E,10330841.50,25261198.50,32
NSE:ADANIENT-EQ,0.4032,E,26725068.00,66277434.50,30
NSE:COFORGE-EQ,0.3985,E,54973391.00,137934357.50,33
NSE:GSPL-EQ,0.3979,E,10833052.00,27224184.50,23
NSE:PRESTIGE-EQ,0.3870,E,13548296.00,35012400.00,35
NSE:SRF-EQ,0.3775,E,7346239.00,19459572.00,25
NSE:KPITTECH-EQ,0.3766,E,24359931.00,64688013.00,31
NSE:INDIGO-EQ,0.3693,E,16957363.50,45915504.50,28
NSE:RAINBOW-EQ,0.3672,E,1767106.50,4811848.50,24
NSE:SBFC-EQ,0.3660,E,33385931.50,91220869.50,30
NSE:VGUARD-EQ,0.3483,E,4864855.00,13967164.50,28
NSE:IRCTC-EQ,0.3445,E,39618273.00,115013702.00,30
NSE:ABLBL-EQ,0.3441,E,31392495.00,91238092.50,26
NSE:TCS-EQ,0.3418,E,51351152.50,150234362.50,30
NSE:CDSL-EQ,0.3407,E,22709834.50,66656065.00,26
NSE:HDFCBANK-EQ,0.3346,E,489711569.50,1463782197.00,31
NSE:PAYTM-EQ,0.3256,E,39800406.00,122226993.50,31
NSE:SUZLON-EQ,0.3238,E,786906418.50,2429882526.50,30
NSE:AAVAS-EQ,0.3162,E,3779482.00,11952177.00,30
NSE:ARE&M-EQ,0.3055,E,4916219.00,16090446.50,32
NSE:HINDPETRO-EQ,0.3011,E,85911288.50,285371687.50,28
NSE:IRB-EQ,0.2927,E,115409632.00,394325982.50,29
NSE:NAUKRI-EQ,0.2914,E,23544886.00,80803559.50,31
NSE:DLF-EQ,0.2849,E,46615783.00,163606080.50,30
NSE:EIDPARRY-EQ,0.2821,E,2624478.50,9304391.00,32
NSE:CAPLIPOINT-EQ,0.2460,E,871302.00,3541697.00,30
NSE:PGHH-EQ,0.2332,E,113916.00,488523.50,26
NSE:BERGEPAINT-EQ,0.1962,E,3498605.00,17830389.50,30
NSE:VMM-EQ,0.1688,E,258571295.00,1531469199.00,31
NSE:CENTURYPLY-EQ,0.1500,E,729956.50,4867370.50,30
NSE:ASTRAZEN-EQ,0.1455,E,83452.00,573709.00,28
NSE:SUNDRMFAST-EQ,0.1080,E,1134801.00,10509573.50,33
